Word,Count
*,3906
for,2598
/Users/Usman/Dropbox/Architectures,1947
Service-based,1947
the,1482
(,1425
),1272
,1146
labels:,1095
->,1089
^(,978
@param,870
|,810
$ANTLR,738
service,711
list,561
rule,438
token,438
$b),393
of,390
start,381
a,377
end,369
b=,366
to,345
do,338
before,336
sure,333
)*,333
leaving,333
operation,300
@return,300
name,279
expression,267
$c),252
},250
AST,249
c=,243
wildcard,219
REWRITE,219
elements:,219
$a),216
(a=,216
new,213
=,212
{,184
description,171
\retval,\,159
block,156
and,156
if,153
with,150
workflow,144
Return,138
endpoint,138
type,135
method,135
parameters,129
be,126
postfix_expression,120
opName,117
cache,117
result,117
@author,114
ID,111
:,111
message,111
min_max_expression,102
$a,102
statement,102
Set,102
node,102
MINUS,102
id,102
PLUS,99
Constructor,99
EQUAL_OP,99
public,97
$relational_expression,96
GML,90
parameter,90
relational_expression,90
;,87
value,87
+,85
from,84
')',84
'(',84
multiplicative_expression,84
return,81
unary_expression,81
b,81
file,78
invoked,78
QoS,76
Yifan,75
Ruan,75
is,75
.,75
in,72
$multiplicative_expression,72
composite,66
not,66
a=,63
additive_expression,63
attributes,63
params,63
services,60
object,60
retval,60
shift_expression,60
this,60
(ry222ad@student.lnu.se),60
cost,57
\','\,57
GT_EQUAL_OP,54
REMAINDER,54
$postfix_expression),54
RIGHT_SHIFT,54
MAX,54
specific,54
LEFT_SHIFT,54
PRIME,54
DIVISION,54
LT,54
private,54
MULT,54
time,53
max,51
arguments,51
LT_EQUAL_OP,51
String,51
NOT_EQUAL_OP,51
MIN,51
GT,51
has,51
$additive_expression,48
register,48
//,48
$d),48
'.',48
$min_max_expression,48
$shift_expression,48
$equality_expression,48
Get,48
c,48
class,45
can,45
request,45
\b,\,45
HTML,45
values,45
profile,45
This,45
TERNARY_OP,45
'--',42
response,42
NOT,42
true,42
OR,42
$postfix_expression,42
LOGIC_OR,42
'++',42
Remove,42
d=,42
serviceName,42
AND,42
or,42
will,42
@Override,42
STMNT_LIST,39
extends,39
LOGIC_AND,39
requirements,39
BITWISE_EXCL_OR,39
executing,39
BITWISE_INCL_OR,39
serviceType,39
an,39
AMP,39
label,39
IMPLY,39
Append,39
serviceEndpoint,39
NEGATE,39
throw,39
(b=,39
source,39
static,37
void,37
exception,37
'\\r',36
'WHILE',36
task,36
and_expression,36
entity,36
used,36
string,36
messages,36
equality_expression,36
'\\n',36
inclusive_or_expression,36
requirement,36
which,36
qosRequirement,36
false,36
logical_and_expression,36
)+,36
'while',36
or_expression,36
Task,33
nodes,33
data,33
bitwise_and_expression,33
its,33
table,33
'else',33
double,33
Object,33
timeout,33
'ELSE',33
never,33
attribute,33
otherwise,33
map,33
imply_expression,33
by,33
exclusive_or_expression,33
set,33
use,33
current,33
expression_list,30
\c,\,30
'[',30
TODO,30
The,30
==,30
names,30
initial,30
Auto-generated,30
that,30
$b,30
variable,30
']',30
\"\\,28
$equality_expression),27
M,27
If,27
header,27
'9',27
Responsible,27
':',27
after,27
contents,27
one,27
stub,27
xml,27
size,27
configuration,27
'0',27
descriptions,27
Usman,27
probe,27
assignment_operator,24
same,24
edge,24
their,24
'a',24
';',24
instanceof,24
Check,24
unique,24
buffer,24
@email,24
$e),24
incoming,24
'A',24
Graph,24
instance,24
METHOD_REF[$operationName.text],24
int,24
-,23
been,21
delay,21
create,21
'PARALLEL',21
case,21
operationName,21
'do',21
ARRAY_ACCESS,21
custom,21
'parallel',21
property=,21
target,21
params);,21
given,21
operationName=,21
'START',21
e=,21
'RETURN',21
'return',21
invoke,21
'DO',21
'FOR',21
'for',21
multiple,21
break;,21
Initialize,21
'if',21
Expression,21
'IF',21
'start',21
Update,21
any,21
\operationName,\,21
(~,18
TRUE,18
ASSIGNMENT_OP,18
$logical_or_expression,18
only,18
Override,18
engine,18
null),18
$inclusive_or_expression,18
effect,18
e+=,18
IF,18
definition,18
catch,18
then,18
provider,18
available,18
$o,18
e,18
BinaryOp,18
found,18
POST_INCREMENT,18
operations,18
POST_DECREMENT,18
primary_expression,18
$or_expression,18
INT,18
Definition,18
Iftikhar,18
as,18
x+=,18
$exclusive_or_expression,18
FALSE,18
PRE_INCREMENT,18
Returns,18
Add,18
invocation,18
\successfully,\,18
$logical_and_expression,18
$bitwise_and_expression,18
NULL,18
WHILE,18
registry,18
QUALIFIED_ACCESS[$property.text],18
logical_or_expression,18
event,18
$imply_expression,18
properties,18
TODO:,18
PRE_DECREMENT,18
ternary_expression,18
Invoke,18
$and_expression,18
});,18
de,17
between,16
'*=',15
'-=',15
destination,15
$x)*,15
reply,15
edges,15
all,15
ratio,15
(o=,15
steps,15
client,15
'/=',15
registerId,15
opName);,15
registerID,15
!=,15
'_',15
'Z',15
'=',15
'{',15
external,15
input,15
License,15
try,15
default,15
'&=',15
threads,15
local,15
'|=',15
responseTime,15
'>>=',15
compositeService,15
removed,15
Systems/rsp.g:298:2:,15
avoid,15
variables,15
first;,15
have,15
e),15
'%=',15
null,15
property,15
resulting,15
failed,15
period,15
e.printStackTrace();,15
stop,15
Systems/rsp.g:,15
function,15
'z',15
execute,15
'}',15
null;,15
Systems/rsp.g:299:3:,15
definitions,15
when,15
'+=',15
refresh,15
'<<=',15
'^=',15
o,14
'//',12
PARAM[$ID.text],12
Generates,12
first,12
common,12
number,12
muusaa@lnu.se,12
RETURN,12
visualization,12
/,12
EXPR_LIST,12
&&,12
minimum,12
footer,12
CT,12
Service,12
$c,12
ARGUMENT_LIST,12
formated,12
already,12
'\\r\\n',12
PARAM_LIST,12
ifStatement,12
Register,12
single,12
store,12
content,12
through,12
DO_WHILE,12
whileLoop,12
\"\Kostiantyn\,12
',12
\Kucher"\\,12
visited,12
Exports,12
doWhileLoop,12
\0,\,12
heap,12
Interface,12
last,12
graph,12
should,12
FOR_LOOP,12
exporter,12
);,12
\type,\,12
parallelStatement,12
path,12
called,12
Systems/rsp.g:326:7:,12
reflection,12
exported,12
loss,12
VAR_REF[$ID.text],12
Send,12
START,12
Default,12
\"\."\\,12
0,12
related,12
CT.getNext();,12
Composes,12
profiles,12
List<ServiceDescription>,12
on,12
no,12
args,12
mode,12
PARALLEL,12
Systems/rsp.g:155:28:,12
affected,12
ry222ad@student.lnu.se,12
Boolean,12
$e)+,12
queue,12
returnStatement,12
error,12
forLoop,12
endPoint,12
Systems/rsp.g:196:43:,12
template,12
\operation,\,12
(OK),11
get,9
add,9
baseFilename,9
Systems/rsp.g:224:3:,9
Systems/rsp.g:332:4:,9
call,9
it,9
Convert,9
initialized,9
FALSE[false],9
attribute=new,9
requestID,9
corresponding,9
returned,9
functions,9
color,9
Finalize,9
\-1,\,9
Read,9
TRUE[true],9
'F',9
invoking,9
\"\+currentScope+"\\,9
acquire,9
copy,9
attributeData.add(attribute);,9
Systems/rsp.g:331:2:,9
side,9
Systems/rsp.g:333:3:,9
Special,9
NULL[null],9
(to,9
NumberAxis,9
array,9
retry,9
\Iftikhar,\,9
true);,9
changing,9
AnchorPane,9
SDCache,9
XXX:,9
{greedy=false;,9
dashed,9
Abstract,9
maxmum,9
yfruan,9
(and,9
RightArrowNode,9
extension),9
Systems/rsp.g:220:3:,9
Double,9
next,9
options,9
Export,9
returns,9
execution,9
\a,\,9
atomic,9
INT[$INT.int],9
'f',9
sending,9
Systems/rsp.g:325:2:,9
adaptation,9
shared,9
Search,9
length);,9
style,9
structures,9
controller.setService(tasStart.getService(serviceName));,9
element,9
cannot,9
(without,9
label=new,9
old,9
Combination,9
Services,9
Systems/rsp.g:204:26:,9
added,9
may,9
Symbol,9
writing,9
(Expression),9
\services,\,9
reference,9
code,9
\block,\,9
Annotation,9
java.lang.Object[]),9
values),9
check,9
export,9
background,9
(non-Javadoc),9
params),9
\"\toString"\\,9
messageID,9
scope,9
x,9
given),9
itemPane.setPrefHeight(40);,9
else{,9
empty,9
@see,9
itemPane.setMinHeight(40);,9
false;,9
correct,9
Write,9
index,9
Unregister,9
under,9
ServiceDescription,9
attempts,9
thread,9
Visit,9
Use,9
(if,9
\multiplicative_expression,\,9
Map,9
right,9
Label,9
while,9
-1);,9
calcula,8
long,8
without,7
tool,6
\"\T__114"\\,6
Systems/rsp.g:259:4:,6
\shift_expression,\,6
\"\T__125"\\,6
Systems/rsp.g:227:4:,6
operator,6
Systems/rsp.g:282:4:,6
fancy-looking,6
Providing,6
\compareValues[]=fromDate.split("\-"\);\,6
\"\assignment_operator"\\,6
getChildren().addAll(pane);,6
synpred18_rsp,6
Systems/rsp.g:275:2:,6
operationName);,6
d,6
creating,6
resultVal;,6
\"\and_expression"\\,6
'imply',6
classes,6
part,6
Systems/rsp.g:208:4:,6
\System.out.println("\Parallel\,6
2);,6
T__121,6
subtype,6
10d);,6
\"\NEGATE"\\,6
pane.setLayoutY(layoutY);,6
T__143,6
\"\WHILE"\\,6
Current,6
\"\TERNARY_OP"\\,6
destinationEndPoint,6
T__131,6
T__135,6
Systems/rsp.g:188:4:,6
'&&',6
Insert,6
waiting,6
providing,6
\"\T__140"\\,6
\"\IMPLY"\\,6
ExecutorService,6
If.setFirst(first);,6
Systems/rsp.g:285:4:,6
Performs,6
Systems/rsp.g:269:2:,6
System.out.println(alignY);,6
synpred60_rsp,6
T__137,6
Systems/rsp.g:277:3:,6
\"\LOGIC_OR"\\,6
\"\T__134"\\,6
returnType,6
synpred59_rsp,6
\"\T__115"\\,6
requires,6
\"\REMAINDER"\\,6
analysisResult:,6
'and',6
\"\ELSE"\\,6
T__144,6
System.currentTimeMillis();,6
once,6
\"\ifStatement"\\,6
label;,6
ArrayList<>();,6
\"\returnStatement"\\,6
'false',6
commitEdit(textField.getText());,6
rect.setWidth(5);,6
\"\NOT_EQUAL_OP"\\,6
Systems/rsp.g:315:4:,6
Systems/rsp.g:313:4:,6
T__138,6
T__132,6
T__120,6
Systems/rsp.g:276:3:,6
does,6
Systems/rsp.g:164:8:,6
WS,6
'||',6
Polygon(new,6
T__118,6
'\\u000C',6
interval,6
'?',6
\"\postfix_expression"\\,6
\"\T__117"\\,6
\opName,\,6
categories=new,6
\"\forLoop"\\,6
\"\MIN"\\,6
'>=',6
service.getCustomProperties());,6
other,6
@throws,6
line.setStartX(layoutX);,6
\HashMap<Integer,\,6
Label(name);,6
'meta',6
pane.setLayoutX(layoutX);,6
msgType,6
\polygonSize,(polygonSize/2)*(-1),\,6
Table,6
\"\COMMENT"\\,6
row,6
satisfied,6
Systems/rsp.g:284:2:,6
entityName,6
2014-11-27,6
T__136,6
Profile,6
select,6
\"\or_expression"\\,6
\"\T__141"\\,6
supported,6
\AnchorPane.setRightAnchor(node,\,6
T__110,6
\"\T__139"\\,6
Clear,6
\"\equals"\\,6
group,6
COMMA,6
\"\MINUS"\\,6
parent,6
\"\inclusive_or_expression"\\,6
Systems/rsp.g:305:2:,6
composing,6
\"\FALSE"\\,6
Runnable(),6
Constructs,6
'int',6
T__122,6
maxSteps,6
\"\expression_list"\\,6
synpred62_rsp,6
service.getServiceType(),6
\"\T__112"\\,6
System.out.println(workflowPath);,6
\"\T__111"\\,6
messageReceiver,6
line;,6
\"\multiplicative_expression"\\,6
must,6
\NumberAxis("\Invocation"\,minVocationNum,invocationNum,1);\,6
Systems/rsp.g:299:4:,6
BOOL,6
'#',6
another,6
\"\T__127"\\,6
children,6
enables,6
invocationNum=Integer.parseInt(str[0]);,6
textField,6
'+',6
ELSE,6
\"\parameters"\\,6
Lime,6
'>?',6
maxQueueSize,6
attributes',6
multipleThreads,6
'>',6
\"\T__137"\\,6
\"\ternary_expression"\\,6
\"\PLUS"\\,6
\"\logical_or_expression"\\,6
First,6
remotely,6
send,6
\"\LOGIC_AND"\\,6
T__119,6
System.out.println(opName);,6
\properties:"\\,6
yAxis,6
Systems/rsp.g:289:4:,6
\polygonSize,polygonSize/2,\,6
\"\COMMA"\\,6
Systems/rsp.g:204:4:,6
List,6
'not',6
\0,0,\,6
Systems/rsp.g,6
Systems/rsp.g:263:4:,6
Systems/rsp.g:251:4:,6
'\\'',6
listen,6
pane;,6
Systems/rsp.g:312:2:,6
true;,6
\"\expression"\\,6
\"\T__132"\\,6
T__115,6
Systems/rsp.g:243:4:,6
passing,6
\"\INT"\\,6
escaping,6
\"\T__123"\\,6
\"\statement"\\,6
(InterruptedException,6
length){,6
converted,6
messageReceiver;,6
retrying,6
\"\T__120"\\,6
TextField(getString());,6
delegators,6
\"\arguments"\\,6
\controller.addDevice("\Model\,6
Solve,6
3.5.1,6
\"\T__131"\\,6
\methodRef.getArguments()+"\)"\);\,6
T__113,6
newDescription,6
retryAttempts,6
Systems/rsp.g:318:4:,6
large,6
appended,6
generating,6
T__126,6
T__127,6
Systems/rsp.g:255:4:,6
TaskGraph,6
\"\EQUAL_OP"\\,6
\RightArrowNode(0,0,\,6
T__123,6
T__139,6
\"\T__129"\\,6
\"\equality_expression"\\,6
ConfigurationEffector,6
\"\ID"\\,6
(!arg2),6
T__133,6
pane.getChildren().add(label);,6
ActivFORMS,6
\"\start"\\,6
Systems/rsp.g:237:4:,6
information,6
Workflow,6
instead,6
invocations,6
declarations),6
invocationNum=0;,6
\"\unary_expression"\\,6
prior,6
\"\T__136"\\,6
T__112,6
(auxiliary,6
Executors.newCachedThreadPool();,6
Store,6
Systems/rsp.g:223:4:,6
T__114,6
ration,6
pane.getChildren().add(line);,6
probes,6
\"\relational_expression"\\,6
\"\TRUE"\\,6
'null',6
global,6
Systems/rsp.g:326:2:,6
\"\NOT"\\,6
Systems/rsp.g:155:5:,6
retrieve,6
Polygon,6
line.setEndY(layoutY);,6
T__130,6
loadProbe,6
'|',6
\line.getStrokeDashArray().addAll(25d,\,6
Systems/rsp.g:265:2:,6
\"\DIVISION"\\,6
store;,6
protected,6
integer,6
Scope,6
Systems/rsp.g:184:4:,6
exp,6
kinds,6
\AnchorPane.setBottomAnchor(node,\,6
logical,6
\"\T__135"\\,6
(yEd),6
following,6
'!=',6
\"\T__121"\\,6
\expression,\,6
\"\LT_EQUAL_OP"\\,6
T__124,6
T__129,6
'<=',6
Systems/rsp.g:233:4:,6
T__128,6
\xAxis.setLabel("\Invocation"\);\,6
Graphs,6
Store();,6
\"\bitwise_and_expression"\\,6
0),6
polygon,6
'>>',6
else,6
Systems/rsp.g:155:45:,6
T__111,6
\"\CONST"\\,6
'-',6
best,6
contains,6
this.getGraphicTextGap()*,6
'\\t',6
\"\min_max_expression"\\,6
msgText,6
work,6
\name,double\,6
(first,6
factor,6
profilePath);,6
false);,6
polygon;,6
synpred25_rsp,6
CONST,6
T__142,6
((ExecutionThread)Thread.currentThread()).incrementTime(value);,6
\"\whileLoop"\\,6
maxNoOfThreads,6
Object[],6
synpred2_rsp,6
clientEndpoint,6
ChangeListener<Boolean>(){,6
synpred21_rsp,6
Suggested,6
'const',6
handling,6
num,6
displayed,6
\"\T__126"\\,6
returnValue,6
Argument,6
textField.focusedProperty().addListener(new,6
delegates,6
serviceDescriptions,6
Boolean>,6
'/*',6
\min_max_expression,\,6
how,6
\"\block"\\,6
\"\T__128"\\,6
T__134,6
List<String>,6
pane=new,6
\arg0,\,6
cahche,6
\"\NULL"\\,6
visualizer,6
Systems/rsp.g:374:5:,6
\"\INTEGER"\\,6
\"\T__143"\\,6
specified,6
font,6
\"\T__142"\\,6
Systems/rsp.g:291:2:,6
'*',6
maxRetryAttempts,6
'true',6
\java.lang.String,\,6
Construct,6
\"\WS"\\,6
\"\parameter"\\,6
Cache,6
\System.out.println("\Variable\,6
\"\OR"\\,6
T__140,6
\d,\,6
stops,6
SAVE,6
\)"\,\,6
root,6
\"\T__133"\\,6
effector,6
\"\META"\\,6
\"\RIGHT_SHIFT"\\,6
synpred47_rsp,6
\"\PRIME"\\,6
'%',6
\"\T__116"\\,6
Systems/rsp.g:306:3:,6
yAxis.setUpperBound(maxTime);,6
\"\exclusive_or_expression"\\,6
Line,6
\workflow!!"\);\,6
pane.getChildren().add(polygon);,6
'&',6
run(),6
subgraph,6
arg2),6
\operation+"\("\+arguments+"\\,6
'!',6
\"\shift_expression"\\,6
T__117,6
'/',6
Systems/rsp.g:192:4:,6
\Adaptation"\,\,6
serviceProfile,6
xAxis,6
\"\T__124"\\,6
\arg1,\,6
'or',6
Probe,6
T__141,6
\"\AMP"\\,6
Systems/rsp.g:298:3:,6
layout,6
\"\LEFT_SHIFT"\\,6
Systems/rsp.g:321:4:,6
\"\T__119"\\,6
duplication),6
label.setLayoutY(layoutY-margin);,6
subscriber,6
'==',6
Systems/rsp.g:303:4:,6
'<',6
triggered,6
Monitor,6
synpred26_rsp,6
into,6
\"\T__110"\\,6
helps,6
Systems/rsp.g:267:2:,6
\"\MAX"\\,6
Systems/rsp.g:200:4:,6
\layoutY,String\,6
strategy,6
'bool',6
\"\LT"\\,6
AttributeEntry,6
Refresh,6
choose,6
'<<',6
o=,6
Line();,6
Systems/rsp.g:307:3:,6
xAxis.setTickUnit(1);,6
COMMENT,6
(Exception,6
\0,0\,6
Initializing,6
\"\doWhileLoop"\\,6
\"\IF"\\,6
draw,6
\"\T__144"\\,6
line.setStartY(layoutY);,6
expResult,6
getBooleanValue(op.getRight());,6
Prepares,6
\"\GT"\\,6
\"\T__118"\\,6
\"\T__138"\\,6
provided,6
Systems/rsp.g:292:3:,6
created,6
||,6
HEX,6
AnchorPane();,6
\"\BOOL"\\,6
\"\BITWISE_INCL_OR"\\,6
top,6
prepare,6
interface,6
'<?',6
addressing,6
oldDescription,6
invocation/thread,6
serviceDescription,6
\PLUS,\,6
getBooleanValue(op.getLeft()),6
exportGML(),6
Aqua,6
T__125,6
polygon.setStroke(Color.BLACK);,6
(used,6
\"\T__122"\\,6
\values[]=date.split("\-"\);\,6
selected,6
really,6
\equality_expression,\,6
META,6
LoadProbe,6
Systems/rsp.g:316:4:,6
xmlPath,6
\compositeService.lookupService(serviceType,\,6
\"\BITWISE_EXCL_OR"\\,6
\"\imply_expression"\\,6
(resultVal,6
margin=15.0;,6
Apply,6
INTEGER,6
Systems/rsp.g:325:23:,6
Systems/rsp.g:314:4:,6
receiver,6
IOException,6
\"\MULT"\\,6
\retrying,\,6
\"\HEX"\\,6
Systems/rsp.g:247:4:,6
xAxis.setUpperBound(invocationNum);,6
******************************************************************************,6
support,6
Systems/rsp.g:317:4:,6
\"\additive_expression"\\,6
\"\AND"\\,6
\"\primary_expression"\\,6
serviceName;,6
'*/',6
\"\logical_and_expression"\\,6
\layoutX,\,6
double[]{,6
out,6
0);,6
Systems/rsp.g:196:4:,6
createTextField(),6
0.0);,6
synpred61_rsp,6
T__116,6
line=new,6
\"\+ifElseNode);\,6
paramTypes,6
distributed,6
polygon.setLayoutY(layoutY);,6
\"\parallelStatement"\\,6
among,6
Systems/rsp.g:219:4:,6
\"\GT_EQUAL_OP"\\,6
Edge,6
Start,6
'^',6
textField.setMinWidth(this.getWidth(),6
Systems/rsp.g:273:4:,6
\assistanceServiceNode.getCenterX()-(currentScope+2)*5,\,6
\System.out.println("\Operation\,6
Systems/rsp.g:296:4:,6
minDelay,6
workflow:,6
\"\T__130"\\,6
times,6
synpred46_rsp,6
Systems/rsp.g:278:3:,6
\"\T__113"\\,6
are,6
changed(ObservableValue<,6
por,5
adaptação,5
falha,4
taxa,4
sistema,4
tempo,4
Systems/rsp.g:54:8:,3
result=Boolean.parseBoolean(str[2]);,3
Systems/rsp.g:230:2:,3
Kostiantyn,3
getChild(0)).getAssignmentOp();,3
Systems/rsp.g:29:8:,3
(PrimitiveType)typeId;,3
System.out.println(str[0]);,3
Systems/rsp.g:204:14:,3
Systems/rsp.g:55:8:,3
declType,3
start);,3
find,3
Systems/rsp.g:380:3:,3
assignee.getLast().setNext(binOp);,3
\sumMap.put(serviceTypes.get(serviceName),\,3
unit,3
Systems/rsp.g:211:11:,3
lookupService(String,3
\"\RESPONSE_TIME"\\,3
-200.0);,3
valid,3
communication,3
Each,3
Object..,3
Systems/rsp.g:19:15:,3
Systems/rsp.g:7:5:,3
Systems/rsp.g:216:19:,3
System.out.println(totalTime/successCount);,3
this.wait();,3
\additive_expression,\,3
interested,3
\if(msg.getType().equals("\request"\)){\,3
need,3
Systems/rsp.g:337:43:,3
Systems/rsp.g:223:5:,3
(the,3
threadpool,3
nodeBox.setLayoutX(layoutX);,3
destination);,3
Systems/rsp.g:256:2:,3
assignee,3
opName),3
listStart.setNext(next),3
Systems/rsp.g:10:19:,3
getRightExpression(),3
\"\_TaskGraph"\,\,3
Systems/rsp.g:277:40:,3
set/get,3
binOp.setNext(store);,3
(!temporaryVars.contains(uppaalType)),3
non-functional,3
Systems/rsp.g:11:6:,3
\"\localhost:9002"\,\,3
197:2:,3
208:36:,3
\IS"\\,3
Systems/rsp.g:260:3:,3
Systems/rsp.g:58:10:,3
\resultFilePath="\result.csv"\;\,3
ExecutionThread){,3
System.out.println(file.getName());,3
typeId,3
Systems/rsp.g:75:8:,3
0;,3
Delegated,3
going,3
if(Integer.parseInt(values[0])>=Integer.parseInt(compareValues[0])){,3
Systems/rsp.g:244:3:,3
Systems/rsp.g:260:2:,3
Systems/rsp.g:323:26:,3
Systems/rsp.g:1:10:,3
dialogStage,3
Systems/rsp.g:1:177:,3
getLeftExpression(),3
configuration.SDCacheShared,3
Systems/rsp.g:63:8:,3
Systems/rsp.g:256:3:,3
similar,3
((AssignOp),3
\out.println(entry.getTime()+"\,"\+entry.getTitle()+"\,"\+entry.getMessage());\,3
nested,3
\CostEntry("\Total"\));\,3
Systems/rsp.g:8:7:,3
Systems/rsp.g:155:74:,3
conditions,3
Systems/rsp.g:205:22:,3
case:,3
(uses,3
Systems/rsp.g:24:11:,3
Systems/rsp.g:1:234:,3
(with,3
323:23:,3
Systems/rsp.g:251:5:,3
Systems/rsp.g:71:8:,3
valueLoaded;,3
QUALIFIED_ACCESS,3
profileButton.setLayoutY(5);,3
newService,3
condition,3
273:26:,3
operationListView.maxHeightProperty().bind(descriptionPane.heightProperty());,3
(services,3
\AttributeEntry("\20"\,field.getName(),field.getType().getName(),field.get(profile).toString());\,3
Systems/rsp.g:1:473:,3
sdCache);,3
Systems/rsp.g:50:10:,3
included,3
\RightArrowNode(assistanceServiceNode.getCenterX(),layoutY+=intervalY,\,3
Systems/rsp.g:1:438:,3
AND:,3
LIST_END:,3
minDelay));,3
Systems/rsp.g:195:1:,3
while(true),3
maximum,3
\cost:"\+time);\,3
original,3
System.out.println(xml);,3
Systems/rsp.g:317:5:,3
Systems/rsp.g:358:4:,3
System.out.println(field.getName());,3
nodeBox.setMinHeight(50.0);,3
307:33:,3
Systems/rsp.g:267:39:,3
!);,3
247:31:,3
Systems/rsp.g:1:532:,3
TimeOutError),3
paragraph.setAlignment(Element.ALIGN_CENTER);,3
\System.out.println("\Lookup\,3
Systems/rsp.g:203:1:,3
Stage();,3
\medicalAnalysis3.getServiceDescription().getCustomProperties().put("\preferred"\,\,3
Systems/rsp.g:61:10:,3
Systems/rsp.g:40:13:,3
write,3
19:06:12,3
registering,3
dealing,3
Systems/rsp.g:208:6:,3
Systems/rsp.g:211:4:,3
\System.out.println("\Leave\,3
loops),3
store.setVarName(((VarRef),3
method),3
Systems/rsp.g:155:59:,3
Name,3
compliance,3
Systems/rsp.g:348:1:,3
sDCacheShared,3
ProfileExecutor.profile.variables.add(new,3
Systems/rsp.g:256:47:,3
Random().nextInt(serviceDescriptions.size()));,3
reliabilityData.clear();,3
Systems/rsp.g:9:19:,3
Systems/rsp.g:331:21:,3
if(Integer.parseInt(values[2])<=Integer.parseInt(compareValues[2])),3
\Value(1,1)));\,3
startGraph);,3
Systems/rsp.g:377:5:,3
retryAttempts++;,3
2,3
latest,3
\compositeService.getWorkflowProbe().serviceNotFound(serviceType,\,3
Systems/rsp.g:289:2:,3
declaration,3
compositeService.getConfiguration().maxRetryAttempts);,3
Systems/rsp.g:345:5:,3
Systems/rsp.g:21:7:,3
decl.getType();,3
medicalAnalysis1.addServiceProfile(new,3
\method,\,3
operationScrollPane.setVbarPolicy(ScrollBarPolicy.NEVER);,3
\LT_EQUAL_OP,\,3
this.serviceName=service.getServiceDescription().getServiceName();,3
Systems/rsp.g:30:7:,3
Systems/rsp.g:380:5:,3
Systems/rsp.g:216:42:,3
Systems/rsp.g:38:8:,3
\servicePanes.put(serviceName,\,3
267:36:,3
PrintWriter,3
Assistance,3
@ServiceProfileAttribute(),3
Systems/rsp.g:1:466:,3
description=compositeService.getCache().getService(serviceName);,3
parentNodeID,3
Environment,3
Assign,3
managing,3
Systems/rsp.g:1:347:,3
Systems/rsp.g:267:3:,3
valueLoaded),3
\cost:"\+future.get());\,3
either,3
list.add(exp.getValue());,3
\ValueEntry(name,type,data,null,null);\,3
Systems/rsp.g:58:8:,3
\WorkflowEngine(this,\,3
Systems/rsp.g:1:501:,3
software,3
Systems/rsp.g:277:4:,3
decl,3
request.getParams());,3
MessageReceiver,3
vertical,3
Systems/rsp.g:33:8:,3
Systems/rsp.g:304:2:,3
Systems/rsp.g:377:9:,3
\temporary,\,3
Prepare,3
Version,3
\index:"\\,3
remove,3
reserved,3
Systems/rsp.g:163:1:,3
Systems/rsp.g:17:9:,3
Systems/rsp.g:26:6:,3
\execution,\,3
Systems/rsp.g:248:2:,3
\compositeService.sendRequest(service.getServiceType(),\,3
\controller.addDevice("\Goal\,3
store.setPrev(binOp);,3
Copyright,3
Systems/rsp.g:196:10:,3
Systems/rsp.g:1:284:,3
Systems/rsp.g:1:494:,3
Systems/rsp.g:192:22:,3
loadProbe.notifyServerLoad(serverLoad);,3
\workflow"\);\,3
Systems/rsp.g:278:40:,3
\"\localhost:9000"\,\,3
Systems/rsp.g:1:182:,3
if(Integer.parseInt(values[1])<=Integer.parseInt(compareValues[1])){,3
there,3
\logical_or_expression,\,3
System.out.println(CT);,3
Object>,3
scale=100;,3
Systems/rsp.g:31:9:,3
\fails,\,3
292:38:,3
WITHOUT,3
interfaces,3
\compositeService.getWorkflowProbe().serviceOperationInvoked(service,\,3
LoadProbe(engine);,3
tgVisualizer,3
File.separator,3
Systems/rsp.g:196:41:,3
task.taskType,3
System.out.println(serviceDescription);,3
Systems/rsp.g:14:12:,3
horizontal,3
Systems/rsp.g:259:5:,3
run,3
utility,3
Systems/rsp.g:295:1:,3
law,3
at,3
store.setPrev(exp.getLast());,3
Systems/rsp.g:352:4:,3
value);,3
VarRef),3
Systems/rsp.g:371:2:,3
Systems/rsp.g:27:13:,3
Systems/rsp.g:234:3:,3
logTableView.getFocusModel().focus(0);,3
Systems/rsp.g:240:1:,3
Systems/rsp.g:1:424:,3
\exclusive_or_expression,\,3
Automatically,3
maxTime=time;,3
\found!"\);\,3
259:27:,3
Systems/rsp.g:303:5:,3
Draw,3
path=TASStart.class.getProtectionDomain().getCodeSource().getLocation().getPath();,3
233:24:,3
340:7:,3
LIST_START:,3
Systems/rsp.g:62:10:,3
arrays,3
296:33:,3
pane=(AnchorPane)loader.load();,3
opList,3
oldService,3
\AMP,\,3
Systems/rsp.g:254:1:,3
compositeService.getConfiguration().timeout;,3
(convenience,3
Open,3
Systems/rsp.g:1:111:,3
xAxis.setMinorTickCount(1);,3
CategoryAxis();,3
\System.out.println("\Scope\,3
imply,3
setFirst(TaskGraph,3
Systems/rsp.g:196:51:,3
Systems/rsp.g:12:9:,3
Stop,3
\statement,\,3
\value=(HashMap<Integer,Object>)field.get(profile);\,3
members,3
written,3
Systems/rsp.g:15:8:,3
Reset,3
tgVisualizer.exportGML(workFlow,3
Systems/rsp.g:290:2:,3
compositeService.getClass().getMethods()),3
223:29:,3
RSPMessagingService.getInstance().setMessageLoss(20);,3
sDCacheTimeout,3
275:27:,3
reqData.add(entry);,3
\this.addProfile("\/inputProfile2.xml"\);\,3
\Label(methodRef.getServiceName()+"\--->"\+methodRef.getOperationName()+"\("\+\,3
Systems/rsp.g:185:5:,3
polygonSize=15.0;,3
throws,3
System.out.println(i);,3
Systems/rsp.g:255:5:,3
ProfileExecutor.readFromXml(xmlPath);,3
accordion.setExpandedPane(descriptionTitledPane);,3
Timeout,3
Systems/rsp.g:382:38:,3
Systems/rsp.g:283:2:,3
\path=getClass().getResource("\/models/model-evolution.xml"\).getPath();\,3
Thread.sleep(random.nextInt((maxDelay,3
Preferred,3
318:30:,3
javafx.gui.view.controller.ApplicationController,3
237:30:,3
Systems/rsp.g:297:2:,3
Systems/rsp.g:274:2:,3
allow,3
282:24:,3
Systems/rsp.g:288:1:,3
\System.out.println("\about"\);\,3
Systems/rsp.g:252:48:,3
threadpool.shutdown();,3
ReliabilityEntry());,3
if(Thread.currentThread(),3
299:38:,3
Systems/rsp.g:305:30:,3
\maxResponseTime,\,3
EPrimitiveType.INT){,3
Systems/rsp.g:1:368:,3
Systems/rsp.g:340:4:,3
\result,\,3
Systems/rsp.g:226:1:,3
\medicalAnalysis1.getServiceDescription().getCustomProperties().put("\preferred"\,\,3
System.out.println(field.getType());,3
SDCache(),3
Systems/rsp.g:21:9:,3
WorkflowEngine,3
Systems/rsp.g:28:5:,3
Systems/rsp.g:52:10:,3
Analysis.AdaptationNeeded,3
own,3
305:27:,3
maxRate=0;,3
Systems/rsp.g:1:522:,3
store.setPrev(getLeftExpression().getLast());,3
totalCost=0;,3
Systems/rsp.g:336:1:,3
306:32:,3
Auxiliary,3
taskType;,3
\"\preInvokeOperation"\\,3
Systems/rsp.g:1:149:,3
Systems/rsp.g:76:8:,3
registration,3
\"\ServiceOperation"\\,3
lists,3
//field.getDeclaringClass(),3
configurationEffector;,3
Systems/rsp.g:263:2:,3
profileTitledPane.expandedProperty().bind(descriptionTitledPane.expandedProperty().not());,3
for(String,3
uppaalType.setTemporary(temporary);,3
255:30:,3
containing,3
Systems/rsp.g:306:35:,3
for(LogEntry,3
Systems/rsp.g:43:6:,3
Systems/rsp.g:208:16:,3
///////////////////////////UNARY,3
xAxis.setLowerBound(minVocationNum);,3
ignoring,3
165:2:,3
Systems/rsp.g:344:4:,3
Systems/rsp.g:248:36:,3
Systems/rsp.g:1:204:,3
XML,3
\lookupService(serviceName,\,3
Systems/rsp.g:291:3:,3
:x+=,3
\"\postInvokeOperation"\\,3
costData.clear();,3
Systems/rsp.g:155:86:,3
\methodRef.getOperationName(),\,3
effects,3
System.out.println(build.toString());,3
Systems/rsp.g:51:8:,3
<,3
(type.getPrimitiveType(),3
System.out.println(field.getType().getSimpleName());,3
(store.getAssignOp(),3
2;,3
associated,3
Systems/rsp.g:340:2:,3
Systems/rsp.g:188:2:,3
<ul><li>true,3
dialogStage.show();,3
Systems/rsp.g:59:8:,3
Systems/rsp.g:35:14:,3
Systems/rsp.g:65:8:,3
Systems/rsp.g:343:4:,3
invRateChart.setLegendVisible(false);,3
185:2:,3
registryServiceClient,3
descriptionPane.getRowConstraints().get(4).setPrefHeight(25*(ops.size()));,3
ObservableList<AnchorPane>,3
Systems/rsp.g:66:10:,3
optional,3
Systems/rsp.g:35:16:,3
Systems/rsp.g:1:452:,3
Systems/rsp.g:8:5:,3
\System.out.println("\Task\,3
Systems/rsp.g:1:240:,3
INVOKE,3
Systems/rsp.g:79:8:,3
Systems/rsp.g:23:14:,3
Systems/rsp.g:1:326:,3
Systems/rsp.g:315:34:,3
Systems/rsp.g:1:480:,3
Systems/rsp.g:258:1:,3
adaptationEngines.get(oldValue.getUserData()).stop();,3
continue,3
responsed,3
calls,3
Systems/rsp.g:165:31:,3
workFlow,3
Systems/rsp.g:1:340:,3
Systems/rsp.g:210:1:,3
\"\src"\+File.separator+"\resources"\\,3
list;,3
\"\not\,3
Systems/rsp.g:1:459:,3
Systems/rsp.g:1:96:,3
Systems/rsp.g:275:30:,3
Systems/rsp.g:200:2:,3
startTime,3
PrimitiveType){,3
descriptionTitledPane.expandedProperty().bind(profileTitledPane.expandedProperty().not());,3
\imply_expression,\,3
Systems/rsp.g:321:5:,3
ALarm,3
TAS_gui,3
Systems/rsp.g:315:5:,3
Systems/rsp.g:380:25:,3
Systems/rsp.g:11:8:,3
Systems/rsp.g:1:229:,3
\operation.invoke(compositeService,\,3
failure,3
getRightExpression().getFirst();,3
threadPool,3
selecting,3
System.out.println(ifElseNode.getChildrenCount());,3
Systems/rsp.g:236:1:,3
Systems/rsp.g:255:2:,3
Systems/rsp.g:1:34:,3
You,3
Systems/rsp.g:305:3:,3
Systems/rsp.g:1:55:,3
\Variable:"\\,3
fromDatePicker.requestFocus();,3
Thread(task);,3
\Response(-1,request.getId(),destinationEndPoint,new\,3
Systems/rsp.g:380:35:,3
When,3
243:22:,3
Systems/rsp.g:1:487:,3
except,3
OF,3
\profileInspects.put(inspectButton,\,3
(get(0),3
System.out.println(pathField.getText());,3
277:37:,3
sDCacheSize,3
invokeLocalOperation(String,3
40.0);,3
Systems/rsp.g:176:5:,3
219:26:,3
\"\workflow_test1.txt"\;\,3
Systems/rsp.g:316:5:,3
Systems/rsp.g:16:10:,3
getIfExpression().setNext(next);,3
Systems/rsp.g:1:536:,3
serviceDescriptions.get(new,3
Create,3
2.0,3
Systems/rsp.g:15:6:,3
System.out.println(line);,3
Systems/rsp.g:17:7:,3
\mode,\,3
key-values,3
\BITWISE_INCL_OR,\,3
polygon.setLayoutX(layoutX+length);,3
Systems/rsp.g:28:7:,3
Systems/rsp.g:61:8:,3
Systems/rsp.g:1:319:,3
\randomly..."\);\,3
Systems/rsp.g:265:3:,3
index);,3
=FXCollections.observableArrayList,3
polygon.setLayoutX(layoutX-length);,3
205:2:,3
Systems/rsp.g:1:76:,3
Callable<Object>(),3
inherited,3
Systems/rsp.g:244:34:,3
DECL:,3
Systems/rsp.g:188:13:,3
\!!!"\);\,3
201:2:,3
\relational_expression,\,3
(in,3
224:44:,3
Systems/rsp.g:199:1:,3
\serviceName,\,3
import,3
Systems/rsp.g:78:8:,3
Systems/rsp.g:197:31:,3
Systems/rsp.g:1:221:,3
attribute.setValue(t.getNewValue());,3
//////////////////////////////////////////////////////,3
xAxis.setAutoRanging(true);,3
binOp.setLeft(assignee.getLast());,3
ANY,3
getLeftExpression();,3
visualizations,3
(temporary),3
using,3
\KIND,\,3
Systems/rsp.g:1:262:,3
227:21:,3
opCost,3
Prime,3
Systems/rsp.g:262:1:,3
Systems/rsp.g:340:10:,3
required,3
Systems/rsp.g:284:30:,3
fetch,3
MessageFailed()));,3
adds,3
accordion.getPanes().get(1).setExpanded(false);,3
Systems/rsp.g:60:10:,3
just,3
//////////////////////////////////////////,3
if(!sumMap.containsKey(serviceTypes.get(serviceName))),3
Systems/rsp.g:74:8:,3
effectors,3
accordion.getPanes().get(0).setExpanded(true);,3
Systems/rsp.g:247:5:,3
OPERATORS///////////////////////////////,3
\"\License"\);\,3
files,3
Systems/rsp.g:167:6:,3
accessing,3
activforms.ModelProbe;,3
obtain,3
Systems/rsp.g:264:2:,3
\service,\,3
Systems/rsp.g:1:67:,3
Systems/rsp.g:188:5:,3
Systems/rsp.g:34:7:,3
Systems/rsp.g:18:6:,3
leads,3
\dialogStage.setTitle("\ActivFORMS"\);\,3
Systems/rsp.g:332:12:,3
READING,3
within,3
Systems/rsp.g:1:540:,3
reading,3
\"\+logFile);\,3
Systems/rsp.g:32:8:,3
service.getResponseTime(),3
ServiceFailureProfile(0.12));,3
ASTSymTabVisualizer();,3
if(Integer.parseInt(values[1])>=Integer.parseInt(compareValues[1])){,3
\node,\,3
xAxis.setLowerBound(1);,3
Systems/rsp.g:243:5:,3
\NEGATE,\,3
216:39:,3
Systems/rsp.g:321:2:,3
\compositeService.getWorkflowProbe().serviceOperationReturned(service,\,3
Systems/rsp.g:327:6:,3
stopGraph,3
adaptationEngines.get(newValue.getUserData()).start();,3
327:3:,3
exp.setNext(store);,3
Systems/rsp.g:307:36:,3
Systems/rsp.g:276:4:,3
ActiveMQProvider();,3
applied,3
requester,3
\description"\);\,3
\provided."\);\,3
CODE,3
label.setLayoutX(layoutX+margin);,3
Systems/rsp.g:237:5:,3
\writing,\,3
Systems/rsp.g:170:2:,3
Systems/rsp.g:201:5:,3
248:33:,3
implemented,3
assistanceService.getWorkflowProbe().register(new,3
Red,3
starts,3
Systems/rsp.g:230:4:,3
governing,3
Systems/rsp.g:349:2:,3
Systems/rsp.g:380:26:,3
Systems/rsp.g:374:2:,3
\IMPLY,\,3
Systems/rsp.g:216:2:,3
100,3
getChild(1);,3
Systems/rsp.g:1:396:,3
Systems/rsp.g:307:4:,3
Systems/rsp.g:26:4:,3
Parent,3
\serviceType,\,3
260:29:,3
AbstractServiceClient,3
configurationEffector,3
WRITING,3
System.out.println(node.toStringTree());,3
\postfix_expression,\,3
different,3
\loader.setLocation(MainApplication.class.getResource("\view/Application.fxml"\));\,3
Local,3
Systems/rsp.g:382:5:,3
Systems/rsp.g:1:333:,3
Root,3
sdCache,3
store.setValue(getRightExpression().getLast());,3
\"\AS\,3
(list,3
Systems/rsp.g:70:8:,3
calls),3
argument,3
Configuration,3
\System.out.println("\Finish\,3
Systems/rsp.g:22:9:,3
Helps,3
behavior,3
Profile(xmlPath);,3
\qosRequirement.applyQoSRequirement(serviceDescriptions,\,3
(Method,3
\"\+profile.getVariable("\analysisResult"\));\,3
Systems/rsp.g:224:47:,3
def;,3
Systems/rsp.g:243:2:,3
assistanceService.getServiceInvocationProbe().register(monitor);,3
taskGraphs,3
Systems/rsp.g:24:13:,3
\ActivFORMSEngine("\resources/models/model-adaptation.xml"\,\,3
OR:,3
Systems/rsp.g:205:5:,3
whole,3
Systems/rsp.g:44:9:,3
Systems/rsp.g:282:5:,3
\service.adaptation.Probe#workflowStarted(java.lang.String,\,3
\RuntimeException("\Index\,3
Systems/rsp.g:276:31:,3
Systems/rsp.g:385:2:,3
mechanism,3
Systems/rsp.g:192:5:,3
Effector,3
Systems/rsp.g:238:2:,3
Systems/rsp.g:238:37:,3
engines,3
Systems/rsp.g:341:4:,3
getLeftExpression().setNext(store);,3
true)));,3
Systems/rsp.g:232:1:,3
Variable,3
bar,3
Systems/rsp.g:204:24:,3
temporaryVars.add(uppaalType);,3
Systems/rsp.g:355:4:,3
System.out.println(preNode.getCurrentAlignY());,3
\System.out.println("\Update\,3
Systems/rsp.g:354:4:,3
finish,3
Systems/rsp.g:1:186:,3
\ActivFORMSEngine("\/Users/muiadmin/Dropbox/TAS-ActivFORMS/code/TeleAssistanceSystem/resources/models/model-adaptation.xml"\,\,3
serviceName:serviceTypes.keySet()){,3
messageLoss,3
Systems/rsp.g:260:32:,3
counter,3
Systems/rsp.g:208:63:,3
Systems/rsp.g:1:548:,3
Systems/rsp.g:337:2:,3
Systems/rsp.g:41:13:,3
\false,\,3
\drugService.getServiceDescription().getCustomProperties().put("\preferred"\,\,3
length,3
subscribed,3
Systems/rsp.g:215:1:,3
\License,\,3
share,3
\super(ttype,\,3
Exception,3
lock=fos.getChannel().tryLock();,3
CT).setValue(list);,3
((DeclType)get(0)).getTypeId();,3
(from,3
Systems/rsp.g:27:15:,3
\setTemporary(temporary,\,3
Systems/rsp.g:272:1:,3
Systems/rsp.g:247:2:,3
Systems/rsp.g:359:4:,3
Systems/rsp.g:333:10:,3
Systems/rsp.g:48:10:,3
GML-related,3
listening,3
reliabilityData.add(new,3
Systems/rsp.g:1:114:,3
Systems/rsp.g:177:5:,3
Systems/rsp.g:1:403:,3
Systems/rsp.g:30:5:,3
IDs,3
left-hand,3
controller=(javafx.gui.view.controller.ApplicationController)loader.getController();,3
Thread(new,3
\if(field.getType().getSimpleName().equals("\Attribute"\)){\,3
Systems/rsp.g:9:17:,3
Systems/rsp.g:192:31:,3
helper,3
337:40:,3
\"\_AST"\,\,3
logTableView.requestFocus();,3
\Evolution"\,\,3
perform,3
symbols,3
exp.getFirst();,3
out.close();,3
getConfigurationEffector(),3
Systems/rsp.g:230:32:,3
Systems/rsp.g:193:5:,3
Systems/rsp.g:353:4:,3
\categories.add("\AssistanceService"\);\,3
otherwise</ul>,3
Systems/rsp.g:1:508:,3
y,3
expressions,3
boolean,3
ignoreTimeoutError,3
Systems/rsp.g:1:14:,3
thread.setDaemon(true);,3
(value,3
Parent{,3
193:2:,3
Systems/rsp.g:1:208:,3
store.setAssignOp(getAssignOp());,3
separate,3
Systems/rsp.g:1:515:,3
reliabilityData.addAll(new,3
Data,3
time=(Double)future.get();,3
Systems/rsp.g:1:431:,3
Object>();,3
\profileInspects.put(runButton,\,3
\timeScaleTextField.setText(Time.scale+"\"\);\,3
configuring,3
synchronized(this){,3
Systems/rsp.g:299:41:,3
two,3
Systems/rsp.g:41:15:,3
Systems/rsp.g:289:5:,3
connected,3
\TERNARY_OP,\,3
line.setEndX(layoutX+length);,3
Systems/rsp.g:71:10:,3
engine.setCommittedLocationTime(1000);,3
(!uppaalType.isTemporary()),3
\costFilePath="\cost.csv"\;\,3
1,3
Systems/rsp.g:1:354:,3
Note:,3
Systems/rsp.g:238:3:,3
Systems/rsp.g:49:8:,3
up,3
\NumberAxis("\Cost"\,0,totalCost,100);\,3
\TemplateDef),\,3
Systems/rsp.g:220:41:,3
serviceProfileListView.setItems(items);,3
Systems/rsp.g:292:41:,3
Inheriting,3
316:32:,3
actual,3
331:18:,3
\AttributeEntry("\null"\,field.getName(),field.getType().getName(),field.get(profile).toString());\,3
332:9:,3
\this.lookupService(serviceType,\,3
278:37:,3
\"\Assign"\);\,3
System.out.println(filteredData.size());,3
Systems/rsp.g:46:10:,3
Systems/rsp.g:196:44:,3
range,3
Systems/rsp.g:310:1:,3
Systems/rsp.g:47:8:,3
\compositeService.getWorkflowProbe().serviceOperationTimeout(service,\,3
Systems/rsp.g:31:7:,3
nodeBox.setLayoutY(layoutY);,3
Unless,3
listened,3
\if(!service.equals("\AssistanceService"\)){\,3
298:36:,3
Scaling,3
predefined,3
k.currentService,3
CONDITIONS,3
ServiceProvider,3
Systems/rsp.g:339:1:,3
Systems/rsp.g:164:2:,3
Systems/rsp.g:380:10:,3
exporting,3
maxTime=0.0;,3
getChild(2);,3
\service.adaptation.Probe#timeout(service.auxiliary.ServiceDescription,\,3
Systems/rsp.g:1:120:,3
arrowNode=new,3
Systems/rsp.g:1:158:,3
this.canvasPane.getChildren().add(arrowNode);,3
Systems/rsp.g:196:2:,3
Systems/rsp.g:13:7:,3
Drug,3
Systems/rsp.g:1:305:,3
resolving,3
Systems/rsp.g:179:5:,3
\preNode.addNode(arrowNode2,\,3
Systems/rsp.g:1:445:,3
\medicalAnalysis2.getServiceDescription().getCustomProperties().put("\preferred"\,\,3
toDatePicker.requestFocus();,3
ASTNode,3
works,3
///////////////////////////ASSIGNMENT,3
\ReliabilityEntry("\FASService0"\,100,98,2,0.02),\,3
Systems/rsp.g:233:2:,3
provide,3
Systems/rsp.g:278:4:,3
System.out.println(profile);,3
Systems/rsp.g:1:8:,3
dialogStage.setScene(scene);,3
\task!!"\);\,3
256:44:,3
http://www.apache.org/licenses/LICENSE-2.0,3
\NOT,\,3
Systems/rsp.g:204:5:,3
Systems/rsp.g:197:5:,3
(result,3
Systems/rsp.g:52:8:,3
Systems/rsp.g:191:1:,3
previous,3
238:34:,3
store.setLocal(!def.classVariable);,3
Systems/rsp.g:234:2:,3
Systems/rsp.g:75:10:,3
Systems/rsp.g:38:6:,3
\build.append(result?1:0+"\,"\);\,3
FXMLLoader,3
(e+=,3
Systems/rsp.g:282:2:,3
Systems/rsp.g:322:2:,3
Systems/rsp.g:10:17:,3
BinaryOp();,3
Gray,3
this.messageReceiver,3
Systems/rsp.g:155:6:,3
Systems/rsp.g:173:19:,3
object2);,3
19:06:13,3
saveToFile(String,3
getArguments().setPrev(prev);,3
field.getDeclaringClass(),3
VBox,3
generic,3
requirementName,3
Systems/rsp.g:237:2:,3
Systems/rsp.g:269:43:,3
FileOutputStream(logFile);,3
Systems/rsp.g:64:8:,3
Systems/rsp.g:22:11:,3
costChartPane.getChildren().clear();,3
Systems/rsp.g:54:10:,3
\FileWriter(logFile,\,3
edges),3
Systems/rsp.g:73:8:,3
(valueLoaded,3
Systems/rsp.g:45:8:,3
\FAILED"\);\,3
Systems/rsp.g:265:45:,3
instantiation,3
Systems/rsp.g:1:18:,3
uppaalType,3
Systems/rsp.g:164:4:,3
FileOutputStream,3
updated,3
\service.adaptation.Probe#workflowEnded(java.lang.Object,\,3
Systems/rsp.g:220:2:,3
Systems/rsp.g:318:33:,3
indicating,3
\all,\,3
arrowNode2=new,3
object).getName(),3
references),3
\EQUAL_OP,\,3
344:9:,3
Systems/rsp.g:155:2:,3
refreshing,3
Checks,3
Systems/rsp.g:68:10:,3
Systems/rsp.g:233:5:,3
PrintWriter(new,3
Systems/rsp.g:316:35:,3
outside,3
Systems/rsp.g:281:1:,3
update,3
applyQoSRequirement(AbstractQoSRequirement,3
targetID,3
Systems/rsp.g:57:8:,3
Systems/rsp.g:57:10:,3
Kucher,3
maxCacheSize,3
Systems/rsp.g:1:81:,3
Systems/rsp.g:296:5:,3
maxResponseTime,3
155:56:,3
profile=new,3
(operation.getName().equals(operationName)),3
\RuntimeException("\Local\,3
!),3
Systems/rsp.g:43:8:,3
Systems/rsp.g:208:2:,3
\System.out.println("\MaxTime:"\+maxTime);\,3
Time.scale=Integer.parseInt(timeScaleTextField.getText());,3
Look,3
Systems/rsp.g:155:14:,3
Systems/rsp.g:50:8:,3
\AND,\,3
Stage,3
right-hand,3
Systems/rsp.g:62:8:,3
threadPool.submit(new,3
graphs,3
filePath,3
@FXML,3
permissions,3
9000);,3
\GT,\,3
Systems/rsp.g:265:65:,3
Stack,3
252:45:,3
Systems/rsp.g:1:50:,3
polygonSize=-15.0;,3
this.serviceName,3
Clone,3
\BITWISE_EXCL_OR,\,3
characteristics,3
constants,3
Medical,3
Systems/rsp.g:317:36:,3
registeredServices.add(service);,3
request=(Request)msg;,3
(this.configuration.SDCacheMode),3
Systems/rsp.g:311:2:,3
refreshPeriod,3
\qosRequirement,\,3
setting,3
System.out.println(nodeBox.getChildren().size());,3
Systems/rsp.g:175:5:,3
runtime,3
end=(Double)(System.nanoTime()/1000000.000);,3
Systems/rsp.g:78:10:,3
checked,3
responded,3
Systems/rsp.g:46:8:,3
views,3
\alarm2.getServiceDescription().getCustomProperties().put("\preferred"\,\,3
applicable,3
System.out.println(sliceTextField.getText());,3
Systems/rsp.g:292:4:,3
PrimitiveType,3
Systems/rsp.g:29:6:,3
\AbstractService,\,3
Systems/rsp.g:323:2:,3
TaskGraphVisualizer,3
Systems/rsp.g:216:4:,3
Systems/rsp.g:60:8:,3
303:24:,3
\"\A[]\,3
astVisualizer.exportGML(workFlow,3
implied,3
\error,\,3
Systems/rsp.g:39:9:,3
DeclType){,3
(IOException,3
\comma,\,3
relationship,3
230:29:,3
loader=new,3
TaskGraphVisualizer();,3
Systems/rsp.g:302:1:,3
providers,3
Systems/rsp.g:19:13:,3
Systems/rsp.g:154:1:,3
Systems/rsp.g:32:6:,3
\System.out.println("\Bind\,3
211:8:,3
construction,3
<li>false,3
Systems/rsp.g:68:8:,3
str,3
Systems/rsp.g:1:250:,3
\preNode.addNode(arrowNode1,\,3
BufferedWriter(new,3
logTableView.getSelectionModel().select(0);,3
\LT,\,3
Systems/rsp.g:45:10:,3
();,3
Systems/rsp.g:284:3:,3
Systems/rsp.g:39:7:,3
Execute,3
Assign(int,3
store.setAssignOp(((AssignOp),3
RSPMessagingService,3
263:29:,3
Systems/rsp.g:67:10:,3
items,3
Systems/rsp.g:269:3:,3
last.setNext(next);,3
\Variable("\pick"\,new\,3
Systems/rsp.g:291:39:,3
Systems/rsp.g:70:10:,3
\System.out.println("\Start\,3
System.out.println(index);,3
Systems/rsp.g:357:4:,3
specify,3
265:42:,3
Systems/rsp.g:51:10:,3
\resultVal,\,3
GID,3
Systems/rsp.g:337:19:,3
exp.setNext(assignee.getFirst());,3
Systems/rsp.g:165:6:,3
Systems/rsp.g:382:10:,3
Systems/rsp.g:166:4:,3
Systems/rsp.g:337:74:,3
temporaryVars,3
321:26:,3
limitations,3
maximal,3
\NOT_EQUAL_OP,\,3
Systems/rsp.g:227:5:,3
first),3
Systems/rsp.g:244:2:,3
getElseExpression().setNext(next);,3
Apache,3
Systems/rsp.g:1:192:,3
queue.get(endPoint).onMessage(new,3
Systems/rsp.g:1:291:,3
Systems/rsp.g:14:10:,3
9001);,3
Systems/rsp.g:183:1:,3
System.out.println(this.serviceName);,3
FileLock,3
-1,3
totalRate=0;,3
342:9:,3
\operations,\,3
isGroup,3
variableName,3
operators,3
\HashMap<Integer,Object>\,3
(x+=,3
Systems/rsp.g:192:2:,3
Systems/rsp.g:385:4:,3
\AttributeEntry("\10"\,field.getName(),field.getType().getName(),field.get(profile).toString());\,3
Systems/rsp.g:219:5:,3
Systems/rsp.g:20:6:,3
251:31:,3
descriptionTitledPane.setExpanded(true);,3
responsible,3
\this.addProfile("\resources/files/inputProfile1.xml"\);\,3
rate=0;,3
Systems/rsp.g:37:4:,3
\found."\);\,3
Easy,3
CT.getPrev();,3
@CompositeServiceConfiguration(,3
343:10:,3
while(isPaused()){,3
\"\localhost:9001"\,\,3
For,3
LIST_ITEM:,3
(operation.getAnnotation(LocalOperation.class),3
Systems/rsp.g:1:90:,3
setNext(TaskGraph,3
Systems/rsp.g:252:2:,3
Tables,3
Systems/rsp.g:259:2:,3
\ProfileExecutor.profile.variables.put("\analysisResult"\,\,3
getRightExpression().setNext(getLeftExpression().getFirst());,3
Systems/rsp.g:313:34:,3
performanceChart.setLegendVisible(false);,3
Close,3
representation,3
rules,3
:e+=,3
Systems/rsp.g:337:18:,3
Systems/rsp.g:79:10:,3
Systems/rsp.g:1:382:,3
Systems/rsp.g:192:23:,3
\adaptationEngines.put("\Simple\,3
sdCache;,3
Analysis,3
Systems/rsp.g:56:8:,3
Systems/rsp.g:222:1:,3
Systems/rsp.g:53:10:,3
\invokeOperation(request.getOpName(),\,3
\ReliabilityEntry("\FASService2"\,100,90,10,0.1));\,3
itemPane);,3
if(Integer.parseInt(values[0])<=Integer.parseInt(compareValues[0])){,3
Systems/rsp.g:74:10:,3
Systems/rsp.g:48:8:,3
equal,3
circular,3
\e,\,3
Systems/rsp.g:56:10:,3
EAssignOp.ASSIGN),3
important,3
you,3
binOp.setRight(exp.getLast());,3
With,3
1)+,3
Scene(pane);,3
controller.setServiceProfileClasses(tasStart.getServiceProfileClasses());,3
\System.err.println("\Selecting\,3
instances,3
\BASIS,\,3
220:38:,3
Systems/rsp.g:1:529:,3
System.out.println(invocationNum);,3
\OR,\,3
methodName,3
Systems/rsp.g:49:10:,3
Systems/rsp.g:12:7:,3
ConfigurationEffector(this);,3
Systems/rsp.g:184:5:,3
\applyQoSRequirement(qosRequirement,\,3
Systems/rsp.g:77:10:,3
Systems/rsp.g:200:16:,3
Systems/rsp.g:371:5:,3
System.out.println(key);,3
Listen,3
services.size(),3
Systems/rsp.g:55:10:,3
\MULT,\,3
\"\+ProfileExecutor.profile.getVariable("\analysisResult"\));\,3
currentInvocation=1;,3
Systems/rsp.g:192:10:,3
DECL,3
\goalManager.addModelProperty("\"\,\,3
adaptações,3
identifier,3
System.out.println(services.indexOf(oldService));,3
Systems/rsp.g:189:5:,3
Systems/rsp.g:72:8:,3
Systems/rsp.g:320:1:,3
ToDo:,3
TimeOutError();,3
Systems/rsp.g:1:61:,3
uma,3
AbstractQoSRequirement,3
trees,3
situations,3
313:31:,3
StackOverflowErrors,3
Systems/rsp.g:42:14:,3
entry:logData){,3
workflowPath,3
yet,3
Systems/rsp.g:273:2:,3
(typeId,3
xAxis.setMinorTickCount(0);,3
inherent,3
controller.setStage(dialogStage);,3
executors.submit(new,3
Systems/rsp.g:337:4:,3
Systems/rsp.g:73:10:,3
falhas,3
thread/invocation,3
Systems/rsp.g:77:8:,3
Systems/rsp.g:285:31:,3
Systems/rsp.g:342:4:,3
\compositeService.getCostProbe().costOperation(service,\,3
read,3
Systems/rsp.g:44:7:,3
1);,3
charts,3
Systems/rsp.g:1:410:,3
Systems/rsp.g:1:298:,3
Systems/rsp.g:208:17:,3
Systems/rsp.g:72:10:,3
fillMockReliabilityDate(){,3
See,3
Systems/rsp.g:234:28:,3
Systems/rsp.g:69:10:,3
\work,\,3
thread.start();,3
annotation,3
put,3
ValueEntry,3
Systems/rsp.g:1:389:,3
Systems/rsp.g:187:1:,3
Systems/rsp.g:381:14:,3
maxDelay,3
Systems/rsp.g:1:161:,3
Systems/rsp.g:314:5:,3
TypeId,3
341:8:,3
Systems/rsp.g:1:278:,3
Systems/rsp.g:16:12:,3
objects,3
express,3
\sendResponse(requestID,\,3
Systems/rsp.g:224:2:,3
reliabilityChartPane.getChildren().clear();,3
\scene.getStylesheets().add(MainApplication.class.getResource("\view/application.css"\).toExternalForm());\,3
some,3
Systems/rsp.g:273:5:,3
qosRequirements.get(qosRequirementName);,3
To,3
Systems/rsp.g:318:5:,3
\MINUS,\,3
System.out.println(newValue);,3
Systems/rsp.g:216:18:,3
285:28:,3
getFirst(),3
descriptionPane.getRowConstraints().get(4).setMaxHeight(50);,3
Systems/rsp.g:23:12:,3
necessary,3
333:8:,3
\System.out.println("\ServiceName:\,3
serviceName=description.getServiceName();,3
OPERATORS/////////////////////////,3
made,3
logFile){,3
System.out.println(field.getType().getName());,3
nesting),3
\service.getServiceEndpoint(),\,3
\delays.put(service.getServiceName()+"\."\+opName,\,3
Systems/rsp.g:312:3:,3
289:27:,3
\System.out.println("\Result:"\\,3
pointer,3
dynamically,3
CT;,3
Systems/rsp.g:37:6:,3
entry=new,3
Systems/rsp.g:33:10:,3
invokeServiceOperation(String,3
Systems/rsp.g:263:5:,3
Systems/rsp.g:53:8:,3
\"\+methodRef.getServiceName()+"\--->"\+methodRef.getOperationName()+"\("\+\,3
getRightExpression();,3
fetched,3
\System.out.println("\Before\,3
executeWorkflow,3
Systems/rsp.g:251:2:,3
Finalizes,3
ttype),3
A,3
Systems/rsp.g:64:10:,3
Scene,3
needed,3
setTemporary(boolean,3
\is,\,3
cache;,3
constructed,3
AssistanceServiceDelayProbe());,3
314:31:,3
\build.append(String.valueOf(invocationNum)+"\,"\);\,3
\LOGIC_AND,\,3
\path=getClass().getResource("\/resources/models/model-adaptation.xml"\).getPath();\,3
Systems/rsp.g:250:1:,3
defined,3
167:2:,3
Systems/rsp.g:275:3:,3
Licensed,3
was,3
Systems/rsp.g:350:4:,3
234:25:,3
Systems/rsp.g:303:2:,3
successRate;,3
LinkedList();,3
hashMap,3
take,3
Systems/rsp.g:1:361:,3
emulating,3
label.setLayoutX(0);,3
Systems/rsp.g:36:8:,3
\"\hashCode"\\,3
do.,3
arrowNode1=new,3
call(),3
\MIN,\,3
\called!!"\);\,3
Systems/rsp.g:285:5:,3
Systems/rsp.g:25:10:,3
abstraction,3
rootNode,3
(may,3
LeftDashArrowNode,3
recursive,3
317:33:,3
Systems/rsp.g:223:2:,3
WARRANTIES,3
UppaalType),3
Systems/rsp.g:211:2:,3
189:2:,3
EAssignOp,3
Systems/rsp.g:169:1:,3
Systems/rsp.g:63:10:,3
\bitwise_and_expression,\,3
preferred,3
Systems/rsp.g:380:42:,3
244:31:,3
Systems/rsp.g:1:375:,3
yAxis.setMinorTickCount(0);,3
consider,3
\serviceDescriptions,\,3
binOp.setBinaryOp(getBinaryOp(store.getAssignOp()));,3
284:27:,3
if(Integer.parseInt(values[2])>=Integer.parseInt(compareValues[2])),3
Systems/rsp.g:200:5:,3
Systems/rsp.g:76:10:,3
Systems/rsp.g:59:10:,3
\PRIME,\,3
Systems/rsp.g:248:3:,3
(getLeftExpression(),3
3;,3
label.setLayoutY(0);,3
Un,3
System.out.println(condition);,3
Systems/rsp.g:351:4:,3
291:36:,3
scene=new,3
Systems/rsp.g:1:197:,3
ProfileExecutor.writeToXml(xmlPath);,3
Systems/rsp.g:371:29:,3
binOp,3
if(maxTime<time),3
agreed,3
Systems/rsp.g:327:72:,3
\System.out.println("\Add"\);\,3
Systems/rsp.g:36:6:,3
Systems/rsp.g:184:11:,3
System.out.println(name.length());,3
finding,3
Systems/rsp.g:1:312:,3
care,3
Systems/rsp.g:349:4:,3
font),3
Systems/rsp.g:184:2:,3
Systems/rsp.g:306:4:,3
Systems/rsp.g:1:173:,3
Systems/rsp.g:208:39:,3
loadBalancer.setLoadProbe(loadProbe);,3
CategoryAxis,3
label.setLayoutX(layoutX-length*2/3-margin);,3
Systems/rsp.g:18:4:,3
k.services[k.currentService].status,3
descriptionPane.getRowConstraints().get(4).setPrefHeight(50);,3
(qosRequirement,3
\effector,\,3
Systems/rsp.g:207:1:,3
OperationAborted),3
tasStart.pause();,3
Systems/rsp.g:1:139:,3
Systems/rsp.g:204:2:,3
RightDashArrowNode,3
list.size(),3
next),3
(Double)(System.nanoTime()/1000000.000));,3
Systems/rsp.g:298:39:,3
successfully,3
(DECL),3
Systems/rsp.g:67:8:,3
Systems/rsp.g:296:2:,3
\System.out.println("\stop\,3
312:23:,3
Systems/rsp.g:313:5:,3
Systems/rsp.g:25:12:,3
AbstractServiceClient(ServiceRegistry.ADDRESS);,3
Systems/rsp.g:178:4:,3
requested,3
TimeOutError,3
loadProbe;,3
section,3
Systems/rsp.g:218:1:,3
\System.err.println("\QoS\,3
20.0);,3
executed,3
Systems/rsp.g:69:8:,3
Systems/rsp.g:1:99:,3
Basic,3
}}).start();,3
Systems/rsp.g:47:10:,3
269:40:,3
315:31:,3
Systems/rsp.g:65:10:,3
recursion,3
serviceProfileVBox;,3
\countMap.put(serviceName,\,3
Systems/rsp.g:314:34:,3
Systems/rsp.g:1:226:,3
((LIST_END),3
Systems/rsp.g:377:3:,3
\System.out.println("\Enter\,3
Systems/rsp.g:13:9:,3
Change,3
Notify,3
Systems/rsp.g:381:9:,3
language,3
expected,3
ExampleScenario(assistanceService));,3
refreshPeriod=10*Time.scale;,3
Systems/rsp.g:227:2:,3
FXMLLoader();,3
\ID,\,3
obj,3
operationScrollPane.setHbarPolicy(ScrollBarPolicy.NEVER);,3
ASTSymTabVisualizer,3
many,3
Signature,3
(UppaalType),3
getLeftExpression()).getId());,3
resultVal,3
concrete,3
bold,3
fos,3
System.out.println(checkBox.selectedProperty().get());,3
progress,3
Systems/rsp.g:252:3:,3
RightDashArrowNode(double,3
Systems/rsp.g:1:128:,3
Systems/rsp.g:7:7:,3
Systems/rsp.g:40:11:,3
functionality,3
result;,3
Systems/rsp.g:1:417:,3
Select,3
Systems/rsp.g:66:8:,3
blocks,3
sourceID,3
endTime,3
LeftDashArrowNode(double,3
Systems/rsp.g:246:1:,3
this.sdCache,3
\true,\,3
Nothing,3
Systems/rsp.g:219:2:,3
Systems/rsp.g:42:12:,3
Systems/rsp.g:174:22:,3
notify,3
Initializes,3
Systems/rsp.g:1:273:,3
sDCacheMode,3
line.setEndX(layoutX-length);,3
\System.out.println("\start\,3
upper,3
\services"\);\,3
xml=xstream.toXML(profile);,3
Thread,3
Systems/rsp.g:196:5:,3
\Management"\,\,3
-120.0);,3
getChild(0)).getAssignmentOp());,3
Systems/rsp.g:20:4:,3
allTaskGraphs,3
Request,3
\costEntries.put("\Total"\,\,3
276:28:,3
\System.out.println("\save\,3
getAssignOp(),3
Systems/rsp.g:356:4:,3
Systems/rsp.g:34:5:,3
UppaalType,3
astVisualizer,3
\ReliabilityEntry("\FASService1"\,100,99,1,0.01),\,3
downtime,2
requisições,2
failures,2
interrupções,2
Adaptação,2
em,2
mean,2
médio,2
Falha,2
paralelo,2
totalTimeOfOperation,2
número,2
na,2
tolerancia,2
respondidas,2
ao,2
verificar,2
corretas,1
tela,1
operatingWithProperPerformance(),1
inconsistência,1
principal,1
nível,1
gráfico,1
entre,1
inativo,1
recuperação,1
próprio,1
recuperada,1
mais,1
jconsole,1
durante,1
preferencia,1
reproduzir,1
MainGui.finalTime,1
resposta,1
operações,1
\System.err.println("\Numero\,1
calcularMaturidade();,1
(maturidade),1
tentar,1
execução,1
operacionais,1
ocorrendo,1
Utilizar,1
essa,1
\Maturity.operatingTimeWithProperPerformance(timeOfOperationnWithPerformance,\,1
Calcula,1
dado,1
screen,1
contexto,1
(quase,1
aqui,1
duas,1
presença,1
coletar,1
medida,1
invocadas,1
Executar,1
inputar,1
mesmo,1
(ok),1
não,1
\Recoverability.internalSystemKnowledgeResynchronizationRate(numberOfActivatedFeaturesOnModel,\,1
numberOfActivatedFeaturesOnSystem);,1
service.getOperationList().size());,1
totalTimeOfOperation);,1
timeOfOperationnWithPerformance,1
que,1
fica,1
MainGui.initialTime;,1
normalmente,1
simular,1
OK),1
